control_total_return,control_mean_trade_return
-0.16710137149593163,-0.0030746955531783153
0.46185742591588164,0.010352320028922897
-0.3025612682042904,-0.007056317371609023
-0.18347420361360256,-0.00274455454157455
0.10606990365380775,0.0034904710221676386
0.12129888397015987,0.005253746886318663
-0.02494295071806074,0.000829932893799973
-0.6425127768277559,-0.02290601517106889
-0.5521625836978898,-0.017133689576537485
-0.4611258238241761,-0.012683852239001241
0.6220589648303079,0.012771114796234231
-0.31216599028886816,-0.00704480001523265
-0.2700954945095365,-0.006709455617160211
-0.06601680183579595,-8.53379000118568e-05
-0.3856025538370009,-0.010389238240581727
0.4322685429345039,0.010413180389538304
-0.15697080879557312,-0.0030771329037214217
-0.032980328906843326,-0.00011317963439153615
0.11214625206825701,0.0035103275377219036
-0.18287179646611285,-0.00396087316920411
-0.19442357112060926,-0.0036208356667334868
-0.0402179303454252,0.0006067661718057941
-0.56345401191404,-0.01794370908220826
-0.19245332144117244,-0.003985783419271366
0.010833711475566332,0.0012881123606028084
-0.14930634880521965,-0.0024830603810116676
0.2597885257187418,0.006407865416736948
0.3947516067169292,0.00950159111613209
-0.0892260315777077,-0.00022987232940747246
-0.2734674495951468,-0.006184128670508982
-0.19858401287301686,-0.004249106242382348
-0.1326610672629498,-0.0020386574894023053
-0.4284276822006181,-0.011796026890422891
-0.096355497590486,-0.0017649917436115086
0.7982902934685312,0.01546909557262818
-0.38445862096633865,-0.010242455318923593
-0.35227135524267394,-0.008774648012294767
-0.2517062231506977,-0.005856204367077548
0.012423489010868982,0.001564383278988695
0.14669305682971845,0.00403456193647412
-0.1848521738819846,-0.003136499889084941
0.10183628765391672,0.004403360077273084
0.27688765566328355,0.00661882740589008
0.03161002330340801,0.0021290267574105397
0.21048635483317457,0.006699244190348817
0.22165207870638248,0.006302384354170936
-0.226236342308185,-0.004648886637210747
-0.0721657451149208,-0.0007146495182476984
0.03158107835023394,0.0023040104633436334
0.012553084739332698,0.001958561626035943
-0.21191182076108006,-0.003498993449179176
0.12883246184077546,0.005543819630714505
-0.5720143802093716,-0.01854683820414543
-0.34334239728938254,-0.008929144745406535
-0.35426210091942634,-0.008947983497681618
-0.36399840551285734,-0.009354006519284036
0.02361548454390139,0.001468046217890171
-0.23709874366615258,-0.00554898995291312
-0.37901884544106523,-0.009463088056078657
0.12509205420328406,0.0036879083523920354
-0.11683949194512333,-0.0021427364059940063
0.029954030151622346,0.002481261553092803
-0.2519746782880443,-0.005818237603529136
-0.27894557248173946,-0.006042124317461233
-0.10106037517928734,-0.0016371821928201809
-0.012261504651532862,0.0008312134359976515
-0.049994319404807364,-0.0004381162770238952
-0.19915357663592004,-0.00411947986947723
-0.35041537553409996,-0.008984822233637946
-0.32713964977117016,-0.008392167472137575
-0.5212209916862401,-0.016221281824244736
-0.15778429580529196,-0.0034559644998120335
-0.059834704810828976,-0.0005100753342036454
-0.2772360639408161,-0.006713301746094982
-0.24664896986602458,-0.005219708242036856
-0.3394178389217538,-0.0085276474596259
0.20132221800396977,0.005299935676502431
-0.205817717348181,-0.004448576901500383
-0.04234646215673343,0.00025244188903924457
0.02033993325806782,0.0019061728100740513
-0.43840910317536586,-0.012273459500714868
0.6770146374977462,0.01467427771502005
0.08738816156542395,0.0031111479906112687
-0.08066255851423187,-0.0006426806247689293
-0.16189005249033517,-0.0031190726309873857
0.08857246561072674,0.0036663264644451296
-0.11605732696541504,-0.0016122691463153654
-0.17323644861739496,-0.0032923336332344325
0.09565436372258729,0.002863515612708608
-0.1721191733037063,-0.0035463496440157043
0.25420610828420487,0.006217942816334137
-0.44133823828029195,-0.011801314438429716
-0.281895190209439,-0.006871183814933061
-0.12130950400866758,-0.001879699887441916
-0.3258167813885573,-0.007974344199694469
-0.09263650593733397,-0.0014572624322030361
-0.1651844033199763,-0.002707561557285299
-0.37416076571474977,-0.009189231417065355
-0.07567831900002031,-0.0008644406716509716
-0.17002257587108371,-0.0030032156733482136
-0.06574132204385963,-0.000576499982328169
-0.17915717458893177,-0.00317671626707539
-0.03410103835176492,0.0007097285771971608
-0.16231734387599128,-0.003537936460469115
-0.29510987268221445,-0.007004381379043509
-0.3014555348588144,-0.0068607920134757545
-0.4586728201878333,-0.013107329051838795
-0.23184790658012544,-0.004992740653636137
-0.05605671491066644,-0.00052644276551535
-0.2192682475400618,-0.0037167275719723995
-0.17140170580838687,-0.0032408502097251326
0.26364021959259265,0.006717907019474982
-0.1709141711776011,-0.003068677121992062
0.18823501096383022,0.005270342996079459
-0.5131087355432016,-0.01589660848089971
-0.27362810695405093,-0.006553506450466098
-0.37317126635542763,-0.009526633842753797
-0.5748679356891954,-0.018928380331449172
-0.41451002924004443,-0.011288038350071472
0.605486116392888,0.012772817292593585
-0.1990622020391598,-0.003791872061417398
-0.1326743816361282,-0.0020228057604753536
-0.28050676829814214,-0.006110281493624042
-0.0205066568523512,0.000844362666784336
-0.5681616965673135,-0.0178619838986382
0.22605528087380677,0.005439166073456303
-0.002330079227300219,0.001370135287906002
-0.3037046315069759,-0.007406972640974616
-0.3293395046321469,-0.007224059896153188
-0.28653810685492287,-0.0062149134932594115
-0.5883347153707447,-0.019429842399593274
0.15115934903160944,0.004374715640292703
0.17083495651510128,0.004900282492843902
-0.07190799348696264,-5.679095589575939e-05
-0.564535593368002,-0.01821540955211239
0.13098931487592358,0.00426378300945411
-0.09216638858139758,-0.0015297886534268413
0.11713295214494024,0.0038146929022593607
0.2744961892145388,0.006636366574750924
-0.023321589021083722,1.6803529555220077e-05
-0.3312817686017182,-0.006130050082402226
0.17155203769615324,0.0054456604998851296
-0.08751564339093998,-0.000735005399438262
0.2738820792359924,0.006989937537561407
0.19467792073083312,0.006052402350628005
-0.1540949988910364,-0.00306042995021938
-0.030184539039168512,0.000532083692084897
-0.13709080975366272,-0.00271439789248602
0.038738986214162496,0.0020709216160506353
0.42536327257843465,0.009959460363174974
0.480620899641635,0.01105558195583241
-0.09863355382491878,-0.0015094815934833315
-0.07232734807797181,-0.0009259022821861883
-0.08479389134275894,-0.0010532484198815162
0.04285003634027196,0.0035583261046602216
-0.4834512420685363,-0.014701323418493766
-0.005358221300195587,0.0007666020932851489
0.46778471681590017,0.01023972377026211
0.730491599999298,0.014367879108979189
-0.2073408336138698,-0.004427652890348382
-0.22709359931839623,-0.004392981281975123
-0.2586080401918476,-0.004765644251485302
0.2750098095104987,0.0065773492170788355
-0.4879305729849762,-0.014344834000135297
-0.07568926348502691,-0.0009788000504857147
-0.47601472177724125,-0.013685871890917687
0.22521846995580175,0.005606136581525637
-0.11377758178229225,-0.0010961411577899442
0.17069592183060545,0.004371512452641309
-0.5194021095832528,-0.015039901359413686
-0.35726346964485556,-0.009085227044629485
0.0009127003807753997,0.0008235091322275378
0.36569410329146,0.009032074629408016
0.34858902812491244,0.00855360150219668
0.1939843745918184,0.005181293802427348
-0.5974647537538984,-0.020242211937634615
-0.279647621387497,-0.007039891871362993
-0.03109714378505124,0.001137748623213207
-0.24127976003417329,-0.004788599252913683
-0.3165652624826415,-0.0077852879749479385
-0.12159340263669616,-0.0017257201526670492
0.21076791040803644,0.006018056805847979
-0.21518107025158406,-0.004434810357095724
-0.2715570110375424,-0.006192051873157007
-0.06440324408396814,-0.0006007327806787153
-0.02326805032128032,0.0006452522337821781
-0.30901250523490686,-0.007487169294700875
-0.16193759063511182,-0.003272663677221465
-0.36255960974823753,-0.009365164327313241
-0.22413967481205743,-0.004646794094431413
-0.0979763986926857,-0.001379196400015783
0.025245503107469425,0.0019174072934752644
0.009147939587685894,0.0008723116298940694
-0.26028547759572174,-0.0060291505536849855
0.6170394949704092,0.011992919263788713
-0.5190844902132186,-0.01594863080860494
-0.002370005608036352,0.0016822411339386428
0.4063832074026812,0.010229240669367375
-0.3804964703512871,-0.010411854187312318
-0.07685750640648059,-0.00023436380324276084
-0.27589313381344605,-0.005280782244721722
0.11104654585031737,0.003377994007105504
0.15982259176551983,0.004798212473691977
-0.09614199487992658,4.845353996676314e-05
-0.3294970219955764,-0.008516479775563945
0.17577821849295772,0.004462804200248862
-0.14490456567976995,-0.002651305128557398
-0.3057977017135258,-0.007327281535552203
0.24725483437953355,0.006644095487676147
0.0714337618643357,0.0026035422125092428
-0.2266315636517825,-0.004879040386558419
-0.00747137397087505,0.0011550185918245057
0.015135349707066093,0.001242372751134655
-0.3983034647641026,-0.009885264756924765
-0.27080199370219904,-0.006321137278350497
1.1397091761578522,0.02029379887457749
-0.22864179023371745,-0.005141947924422686
-0.3002193955445964,-0.006468830710954366
-0.3689931251563807,-0.009525053352123787
-0.3688247493017536,-0.009854944977360945
0.10546347021677982,0.003710581873557943
-0.28618204913652023,-0.0067406658999933575
0.04799751299519839,0.0027280008489959876
-0.34370312766514166,-0.008656073664340028
-0.5583500294763801,-0.01810522868978425
-0.297796917661188,-0.006331574205550765
-0.15780853675141981,-0.002906208539508017
-0.038103120470258545,0.0003543709559140891
-0.31961805341812366,-0.007964534755627915
0.017487867234893484,0.001722299217285189
0.42660858439775695,0.00904648030371121
-0.022100815686479924,0.00037321018589171816
-0.40634093214498357,-0.011385841999550929
0.0657918556962358,0.002894719490456029
-0.2838546451744207,-0.005235414741536503
0.6893079798031712,0.014829175985102139
-0.4479838628242043,-0.01223581872086277
0.051251762726152394,0.002277443696942124
-0.3498421190955394,-0.008098183857017622
-0.22230359864265592,-0.004116365361236335
-0.22616380580728423,-0.003907389087005411
0.4567075035582089,0.009988206174487617
-0.26872995977565695,-0.005915936311710823
-0.22376065150720725,-0.004671799924816928
-0.24773277133029292,-0.005679115097628489
-0.1955271612388444,-0.003938951597969315
-0.5446241216686294,-0.01743321992057941
-0.2946921601974549,-0.007022587380772909
0.09668898369176193,0.0030440538245971966
-0.04577351238795724,0.000238086149618627
0.5666553882265151,0.011591432854554983
-0.24712767759796161,-0.005164538911800878
-0.2978277969823959,-0.007330061873532759
0.29223032558848216,0.007212835459691277
-0.3084281760566201,-0.007452043120426136
-0.3880814405293591,-0.010322279336636845
0.4819439995297514,0.010457385512004867
-0.4750946561798174,-0.014152756845037591
0.15813091887216846,0.004667867732786521
-0.38113130779437154,-0.010297986035267161
-0.45591664415130995,-0.013235385122207736
-0.29736758956089115,-0.007174255484255193
0.016610299251490712,0.0011762400035420352
0.010781187408813508,0.0019073681455303243
-0.5262043429349972,-0.01564353582694433
-0.2727492828133026,-0.006196048499603516
-0.091838647563942,-0.0006034484685487058
-0.29632805677660257,-0.006835449298872162
-0.40272383826635294,-0.010852364143264072
-0.5304861664481169,-0.016849445966134573
-0.46699199267151015,-0.013408378613092981
0.5115293599725597,0.013473498918642886
-0.48483827781310807,-0.01435347972497289
0.21386874232977182,0.005482062114159566
-0.26923320006713647,-0.006097504683712769
-0.0006966211190534422,0.0010739889991427552
0.0003202896785818865,0.0005669866752624302
-0.16812553435466104,-0.003495032427276954
0.014041252046854025,0.0014970637201717097
-0.05573980832346437,0.00027785145357912404
0.062397377881438176,0.002722651733168521
-0.20304480610648956,-0.004413666152882784
-0.291788077022322,-0.006834102424834284
-0.2924369281737138,-0.005845860724268189
0.19816922444156626,0.004888026074924786
-0.033843167744643576,0.0004625100418202691
-0.43577665465938487,-0.012335767115441947
0.17258735290741822,0.0047823032044832575
-0.05286947702700184,-4.068750084137258e-05
0.32521657514628477,0.00785951073750862
-0.048146780705045744,-0.00038491243345725333
-0.27779984660892565,-0.006432184726739211
0.01848837871317599,0.0015237346695918968
-0.44650056425223783,-0.012565142263387325
-0.11231298537601575,-0.0013899149972853488
-0.3902775452034085,-0.010496279995083999
-0.0360738737209495,-5.9425911215221395e-05
-0.39823070898718427,-0.010839474265734545
-0.233804641771844,-0.005032678535395926
0.012283326911662451,0.0015930376505196439
-0.006762046287047574,0.0005731791037742008
-0.3128135841277717,-0.008104359752021893
-0.23384839288444137,-0.004962414572164127
-0.3358837398401582,-0.007751177680348282
0.10594728070486492,0.00307958086961376
-0.10180004384928576,-0.0015739937698500577
-0.3220000117452494,-0.008305976686661071
0.14064085615991573,0.005296639031358669
-0.28734278532289514,-0.006934255577172006
-0.18273017536315828,-0.0037602909621993912
-0.544377689582465,-0.0173978352173468
0.2993066256590011,0.007283122896964124
-0.45238395271097065,-0.012860878116411777
0.6916157989387817,0.013605356876002174
-0.06639257370618967,-0.0006632748354127203
-0.28034239548408724,-0.006139632063231554
0.07263814556759485,0.0037854452021531667
-0.11407358024957748,-0.0017495465309759145
0.2604121096797545,0.006508352546821121
0.04536659330005777,0.0020165049816205003
-0.13048501586853012,-0.0019555407280824927
0.04066545731543747,0.00186669153002892
0.4816017470361229,0.012090016977335354
-0.2905110753780914,-0.007043117671716306
0.012142988801064236,0.0013885213167766485
-0.37104088567581295,-0.009589988978037856
0.05614359604276298,0.002450155341174355
0.08645890261983702,0.003013873548969001
-0.19600189749320363,-0.0037346258602769036
-0.04512004447726048,0.0002955744712246803
-0.20099527080156743,-0.003371556005338221
-0.020257859556026436,0.0007527842173769387
0.025023816838186663,0.0016451107887981763
-0.1947115694305417,-0.003666227469855232
-0.35869642177226213,-0.009010214546986226
-0.18871220496809793,-0.003763561690140059
-0.3152413051562716,-0.008130961932860708
0.04579467750748112,0.002928423678974451
-0.15608169169801367,-0.003109419882900406
-0.44143321882925135,-0.012384754641053406
-0.21855782475410823,-0.0049727477522294216
0.05042053178909889,0.0027917051988262543
-0.15887474923048484,-0.003129014040271362
-0.21421799293578203,-0.004187257031513535
0.07175911341139396,0.0027207943689842216
-0.10229418755812214,-0.0013361926396190781
-0.1848881154999854,-0.0037204673294902427
-0.5293016182398325,-0.016407973423780416
-0.38717470277128785,-0.008151746208342428
-0.01665698526857462,0.0008057604688242196
0.28416891769022556,0.008704791515214746
-0.08307824686976562,-0.0009185188956119521
-0.205777500979191,-0.0044401999722693125
-0.1502704252092656,-0.0023672848345083434
0.09267672893217771,0.003343431817070239
-0.37692586814360474,-0.010124562143953615
-0.4282321485646683,-0.01206919648535978
-0.1517615955915802,-0.002619715222693232
-0.5298969897031198,-0.016034176241966718
-0.1516445842409263,-0.002955246039898456
-0.2598957843163733,-0.006139795329256251
-0.3653342585772311,-0.009689987842015
-0.41223592469811376,-0.01065623262787165
-0.15237643735386797,-0.0026795936288478775
-0.021585725195371275,0.0005618790673419871
-0.401427413066219,-0.010308786956236214
0.42841856746879414,0.009254084087232179
-0.11812396845934048,-0.000722387286358577
-0.3812505905363702,-0.010393623064767227
0.7330258633058289,0.014740544900708651
-0.11741947439915246,-0.0020773545701928946
0.31592666388286905,0.0077789700223125716
-0.46139750213337005,-0.013187776606530222
0.09318278196878138,0.003362533802586156
-0.44855883613168335,-0.012636374003491565
-0.2551654464624985,-0.005414228025113928
0.5922932277815001,0.011683014472511105
-0.299606503083918,-0.007006525830455584
-0.1555725837404185,-0.002999206016645846
0.12366030212842949,0.003876625769266441
-0.05499615107459088,0.00019090174034639218
0.047418908382614644,0.001925799478176107
0.2624581870288831,0.00837170381671594
0.16291833737549322,0.005028721350452997
-0.18681002986945994,-0.003776848321215679
-0.3508942482094828,-0.009476514092534086
-0.3033383905349504,-0.007275027846995311
0.1699632943792455,0.004637972667753835
-0.4873649829861595,-0.014247522754959928
-0.3009471474630895,-0.006977515118926065
-0.2540600609632637,-0.004834260478098492
-0.10020103094912214,-0.0012693192806137385
-0.32966315222832454,-0.008108911881233246
-0.47333257288392505,-0.013665605936333619
-0.17681687200386853,-0.0032954358389157266
-0.13186192458655877,-0.0025993442936989406
-0.2339813126437552,-0.003998344184024441
0.021596472025083413,0.002096285583510539
0.23198160028365078,0.005643775954842942
-0.2747848475597744,-0.006059769821077818
0.02269377524142624,0.0023706810837558143
-0.2905073861692621,-0.006923476727997546
-0.2573581163429107,-0.0062222267402159805
-0.340642965134592,-0.008745784456851438
0.07730244520536855,0.0033683106460021166
-0.19501829761063638,-0.003629496084513432
0.2242392046989845,0.006620995005994177
-0.5087854666043731,-0.015674279489152277
-0.2547344866948592,-0.00573745647914906
-0.19074964599562494,-0.004252674730072912
-0.23991975585129044,-0.004116124509468134
0.029340696482512474,0.0014743446434461785
0.432853968738639,0.00943530081323302
-0.22747365411193476,-0.0047121643409708276
-0.269542037509362,-0.0062446309561436245
0.7208322610239997,0.01416110664983765
-0.059849095282918596,-0.00042076270936279385
-0.2915909139592179,-0.007048431264607366
-0.07426051496874053,-0.0001752521197916399
0.27662693724570153,0.007793078529498735
0.2975239268034031,0.006817364825052167
0.590100172382495,0.011703234013566936
0.23807705264341905,0.00586109075266616
-0.06344885358853547,0.0005958832733951281
-0.09721123267971055,-0.0012175423906793388
-0.08819066073865478,-0.0012109860010780689
0.07537119498253708,0.004008901244125677
0.07714679874087205,0.0026626191580685393
0.45030934153521684,0.009938292032715025
-0.32436397514653437,-0.008147139829706761
-0.37249207015842023,-0.009667915751524465
-0.3022160843362166,-0.007574660223250054
0.12499138560372147,0.003733458543904386
-0.5084335271761253,-0.015799662372603173
-0.3389601884164265,-0.008729752730837202
-0.4357247163817811,-0.012202400934561665
-0.3526641837655088,-0.008957070710539979
-0.03441678580916119,-8.449006593975612e-05
0.07859934500222154,0.0037222973386821312
0.37225752108201604,0.009497437144826508
0.15770662218612297,0.004722336677506752
0.041951330124123,0.0020536061463831863
-0.41755146313876834,-0.008999961372325421
-0.1577968823946545,-0.0030180050943514076
-0.2850363375580145,-0.006860994942539
-0.5524431382001855,-0.016772598195342246
-0.46114747859442173,-0.013491837091284495
-0.3689328118644922,-0.009193156956286851
-0.32693901257774804,-0.007417294375583647
-0.17493925430704105,-0.0031082778748375782
-0.102856391848958,-0.001582242959857029
-0.22246372018022353,-0.005137750509658102
-0.4532307440893292,-0.012861764897946068
-0.3575834707987945,-0.00887943358757428
-0.4976188819179742,-0.015028253758691266
-0.19313755581038927,-0.004101634083604865
0.40338603619717883,0.009464165215028261
-0.19864569540066634,-0.004056969227137745
-0.43922652439400056,-0.012292578981605984
-0.2693458558665903,-0.005846329123141159
-0.0635319809579824,-0.00100462084217868
0.352061930025128,0.009871100950601105
-0.244919919784243,-0.005679652817436895
-0.3391052479595912,-0.008360907535343343
-0.16998699343629575,-0.0036410671423847134
-0.21444519728755163,-0.004724595876948533
-0.30197382042742116,-0.0074101214908284035
0.44920486081488886,0.009842873735116806
-0.34178754087485197,-0.007149886397035351
-0.1758209043843213,-0.0034252479431090515
-0.24199628920697625,-0.005547763596384439
0.056958161019184494,0.002346951361089404
-0.20686593283853538,-0.0040460532676865205
-0.5342071964039096,-0.016293958212073825
0.1827291755768099,0.004667265745415222
0.06793821489709373,0.0024439583528989605
0.6287416844962863,0.012625197454344319
-0.08682240496792426,-0.001373729514227061
-0.22665436185686716,-0.005086009055245219
0.14572180267595147,0.004151880195427581
-0.3892642059052914,-0.009278537397505598
0.6044265205760617,0.011799020301857616
-0.051194120352335504,3.7363429978504354e-05
-0.10554014682953483,-0.0017716399723512047
-0.2138286587585555,-0.004636409730081955
0.5391910696100084,0.011486151353083124
-0.06500418069772418,-6.542798554998046e-05
-0.1560612501346157,-0.002421953018451525
-0.22608881609236875,-0.005183301352128827
-0.330180589083366,-0.008040825082880437
0.33823338507265777,0.007639415287726928
-0.07839632377655448,-0.0008809913955917553
0.31447526971550155,0.007239101460133644
-0.4449683628059321,-0.011391632539012193
0.004652579147413682,0.0009380026529341284
-0.2847607680128368,-0.006643936565904039
0.009153596164114042,0.002337632774800677
-0.49235378695288556,-0.014004641230745655
0.3480802783267367,0.008202834335330183
-0.4347751631532367,-0.012357318030448853
-0.12752762409059193,-0.0019503224400137964
0.017917061241866428,0.002208422353755424
-0.37840777410479576,-0.01043573469106827
-0.1961211144223871,-0.004231672781395067
-0.09046814078437182,-0.0016125000863329824
0.24701295511578913,0.006514857518062298
0.5996748793447051,0.012815501485466042
0.029415802973098204,0.0015870524161444148
0.26024850722087556,0.006367127777515659
-0.09711361601694246,-0.0008884991457841885
-0.40425805167881657,-0.010876872766329322
0.23468873579443073,0.005741740323605169
-0.1482916951262767,-0.0025614914914772074
-0.24634076790073722,-0.005539570455414838
-0.3569654409062135,-0.009008971379031942
0.4040628573946985,0.009460948571430537
-0.2868106351151841,-0.006963576771850446
-0.41303824672745615,-0.011446750419215605
-0.5669064077433206,-0.01747121944133545
-0.23303395384776593,-0.00516531148259689
-0.24858485415446108,-0.0056534462410670295
0.058250948183625084,0.0023793805450130767
-0.4564373951111158,-0.012897167281435772
-0.4025800576088796,-0.01062794666518802
-0.009490073347728223,0.00038655399383639164
-0.5546552473588044,-0.017324629887152145
0.6135333273832217,0.012704844786901735
-0.5197740326981879,-0.015528272607954793
0.021450037779382924,0.0013640286088528629
0.827610761276498,0.015563492728260922
-0.24463834026378262,-0.005452066633806964
0.8333157217879603,0.01525075225142278
-0.2059060005104345,-0.004543988954408512
-0.3430222283865587,-0.008879778611431792
0.3097791602504929,0.007344752891530983
0.06893048435927485,0.0031665079678932584
0.02660358043832778,0.0019355721566952447
0.21140435612774722,0.006532855233731171
-0.1984611080381382,-0.0044733527033589664
-0.2424059234272974,-0.003986393329807804
0.35501241652147786,0.009893300494033586
-0.35392835528863864,-0.008175875823137524
-0.49382328145617405,-0.014608112653209873
0.03265799853613949,0.002184773230961295
-0.039384419167258655,4.572139486168689e-05
0.1866358033201987,0.005050724155929074
-0.4102916571772074,-0.010944677976200646
0.01839186140110849,0.0012727414256428302
-0.19209948678343558,-0.0038136323205384738
-0.4409365153134922,-0.01184098098543918
-0.33264176807925727,-0.008571926700656598
0.40824852437584935,0.00888394647164055
0.0562262896939012,0.0024281994648807383
-0.2812284215462434,-0.006358180441831637
0.2354583583894705,0.007169419510313405
0.906420366853425,0.01769327855037192
0.8299072132620295,0.016732248588395005
-0.2624945399627807,-0.006100671866279159
-0.2919487119307549,-0.007270993442286108
0.22424364104340122,0.0059611785923180585
0.006262813607877504,0.0009891048487807015
-0.14401028203770927,-0.002310750740062863
-0.2778151907766381,-0.006098597244359071
-0.3993927340732619,-0.010333755071014946
-0.24749771489986894,-0.00519772287467882
-0.38218965133782956,-0.010119223746359896
-0.0833175671171329,-0.001302730875438358
-0.2909149619368713,-0.006262279434762453
-0.6349745108671743,-0.022163451110984497
-0.21257527351241456,-0.004802487890176635
0.05681669196600825,0.0022771979949839
0.34476904433629274,0.008064209398655943
-0.12008134629572531,-0.0015032199532582018
-0.286503678286827,-0.007081200223047738
-0.2860872666507628,-0.007254284980988009
0.1826987270927387,0.005332896979686277
-0.05090120429174716,-0.0003337679973791302
-0.43933089443341633,-0.012717650241530766
-0.5114264647099357,-0.015206874630414719
-0.0693146638071559,-0.0007171466320099782
-0.2633931977280436,-0.005670584729986879
0.1081753111735988,0.004393246040988064
0.47909700863507965,0.011218874772167696
0.02977293491884403,0.002907744502898407
-0.05587359390127489,-0.00040896323808221327
-0.1283838291935414,-0.001597663929352896
-0.48537800108660256,-0.014339618727004119
-0.27913485142292793,-0.006143973350046411
-0.08225767488005231,-0.0007513916797910631
0.11381958285743154,0.004937801520698474
0.18246651785544565,0.0063471432788651996
-0.30678323452930734,-0.0068554799381737985
-0.26877455594738475,-0.006656378906353555
-0.3482731643864311,-0.008828150372172204
-0.5311654248384554,-0.016769083958229732
0.1925124509092273,0.0050795983349928835
0.09981526911609184,0.003437120368898031
-0.21879831085141666,-0.0031344451879630605
0.04836843669147828,0.0022573131061168414
0.3891691227081455,0.009899612057512847
0.33266323799617914,0.008165390068678004
-0.23928703580009336,-0.005156603792669597
0.06997888192037349,0.00397527022057027
-0.05177040292187984,-0.00025312806424306685
-0.08977916900447591,-0.0012465138548646553
-0.26251034319082334,-0.006122883841204366
-0.07924024562207244,-0.0008129335450560628
-0.1486028541327703,-0.0026502134167851158
-0.1165355059024048,-0.0005041335307775482
0.10053287626058238,0.0029747280224893917
0.31174144820861915,0.007865540600800485
-0.1634743025322677,-0.003099910822779073
-0.055591976545848465,0.0004225951270304812
-0.4992564796854887,-0.014678518979236707
-0.340927633076641,-0.006466054145582292
-0.26408464407273013,-0.006054022648497238
-0.03246509877618198,0.0005942619603567533
-0.4655359670423258,-0.013713193941702995
-0.2820438778845643,-0.0064122320236003
0.5317970357968471,0.010933849710477957
-0.2185868016924183,-0.004588105691844089
-0.2933408998639234,-0.006745623076958091
-0.22269383833410872,-0.004638677982578951
-0.13628138228836806,-0.002123930290597949
0.00250087600596105,0.0016866719916012844
-0.17217877014845417,-0.0037427589047319106
0.02804549137048462,0.0014231691347430864
-0.37890500525168236,-0.010135806606424054
-0.12917076729326038,-0.0009766175212025186
-0.19854828368281385,-0.004274535419326848
-0.26472434061426386,-0.00600509619485214
-0.0014067258632329827,0.0009484180632982554
-0.18065891535596157,-0.0036910564378986985
-0.03493018903330003,8.101343521844148e-06
-0.3510788451170048,-0.00847904106165473
-0.4831034001107317,-0.014283595890858994
0.3316065532772301,0.008514370353228412
-0.34070358551743496,-0.009015552356837984
0.007882336097267517,0.0015775051605664042
0.21076438959563526,0.006692284572827888
-0.48133132332726725,-0.014193684462785888
-0.09786512235242018,-0.0012816090715358892
-0.331482342511761,-0.00842514640519647
-0.0076078534624627325,0.00072767451261887
0.29080168935091644,0.007326183180154202
-0.16830444477252826,-0.0028764310237552825
-0.49938479361693233,-0.014793288942157255
-0.1245353442411955,-0.0020779718784673467
-0.05255308565036809,-0.00017971745201733548
0.14063624579536782,0.004371850177911334
-0.18776613093125682,-0.003861336624161031
0.48055693715954484,0.009982346785773602
-0.5088721856515064,-0.01543305312934249
-0.3732201771373087,-0.00963732454150085
0.3873782647527553,0.008872315538089018
0.23004420119798374,0.006201022044145387
-0.15776709184303228,-0.0028420615236029677
0.14153902825556197,0.004297221785506756
-0.023233055087278354,0.0007071315848244154
-0.028797265519668436,0.00039115542685706523
0.3410349885969972,0.007852518808248775
-0.3932162738523556,-0.010534855199694914
-0.0041670256977783815,0.0018726428756142535
-0.5784290122483986,-0.018972681945399295
-0.5600437798106493,-0.01797350516581527
1.5612868365436925,0.02446290621113987
0.12361073387346844,0.0041662955936037395
0.19979991107757766,0.007146575420734681
0.13031436909964178,0.0045041506257420955
-0.3778000936956678,-0.010222853990246843
-0.206763191215939,-0.004105272320554269
-0.1908713039394725,-0.0033010473720685284
-0.044761673847200534,-8.600432838561472e-05
-0.33348953339540277,-0.008590866255457305
-0.47342262624491227,-0.014149848388999759
-0.30683851887373215,-0.007778897422058659
-0.4243679477488126,-0.011898049986428856
-0.1472213910307042,-0.0019303656221803405
-0.03177593442821436,-0.00028632947157712527
-0.08182423143057604,-0.0008090077445001516
-0.013740049252741637,0.0007324949918931266
-0.3829434357352035,-0.010322313501163216
0.028590499276130776,0.0017852637571186103
0.20302168685062694,0.007001272123697771
-0.33126115011397395,-0.008203670334745927
-0.24251107637150027,-0.0046716739110256094
0.1226528015447117,0.004245163210949431
-0.550212103168428,-0.017254598506520096
-0.23459161658897176,-0.005381403292940311
-0.25656596411768073,-0.005844972258741111
-0.42107450490422316,-0.011244095579236862
0.17140786854914758,0.004822660030657727
-0.23770065909676663,-0.005453056738803529
0.12334960394218797,0.0036645686803973222
-0.4933250053227114,-0.014683071799521353
0.19954509427144207,0.005480669450839071
0.5872801463504944,0.012025536353910455
-0.00721615586376656,0.0009092115402046782
0.1150808288689773,0.003650777640840494
-0.3733773084279095,-0.008944664640583294
-0.3124852307379671,-0.007700760594863449
-0.074836520552791,-0.0006607704686923394
-0.21765152995569137,-0.004993008933178539
-0.5463173521721383,-0.017094681982525436
0.3760249967080571,0.008680368822943684
-0.38527328581940545,-0.010187142948034444
-0.2783588629762278,-0.007030003227313617
0.17662359279231077,0.006080748347571026
-0.02799924705428991,0.0008312062723963539
1.3256080060938888,0.022180619964448357
-0.17280371566227115,-0.0027871392722332035
-0.623863172623115,-0.021657755399722697
-0.628161286258001,-0.021633336720472587
-0.44579979840521977,-0.012167430625852977
-0.20978215626255614,-0.004486575854173392
0.38680809635719293,0.009337753500445857
-0.38622423196669,-0.010129352442366854
-0.1764331366984775,-0.0031491864139332696
-0.1880128496495843,-0.004216464563388915
-0.47576043092777365,-0.013953652509292543
-0.549247364685345,-0.017115174101782513
-0.12539511189858232,-0.00219129168180199
-0.15733885626596833,-0.0024711746002080044
-0.3175794080453356,-0.007956815815753672
0.2974277200627313,0.007058965389627334
-0.3077757853761245,-0.007831882952600877
0.33388249956372307,0.0077382091406681215
-0.33592510430222944,-0.008315587954173255
-0.13183649835758637,-0.0017422764918203822
-0.27136684013494494,-0.005702613761020902
0.06999834781721082,0.00320279384392754
0.5409828897721853,0.012329832782105636
-0.6524000063124211,-0.02339764642948634
-0.15053336691894514,-0.002713943058795269
-0.15880307694717533,-0.0031765348227026265
-0.09819989537177487,-0.0014473523881654684
-0.26466724384075446,-0.006358067386278601
-0.4780608662561975,-0.014098282275582895
-0.21136777699343312,-0.004930150502135358
-0.26130200657786895,-0.0062603103278500655
-0.1370931119337937,-0.0024048017228622876
0.09347691671844083,0.0034635920123709386
-0.5741488088124839,-0.01844646046131498
-0.3939737365723259,-0.01093213375419976
0.17904121370438908,0.004490825966578434
-0.024198730716781247,0.002238832997427929
-0.08299790143077268,-0.0010270244918054359
0.05953853945604792,0.002099162100763723
-0.34826278374244957,-0.00894227913232558
-0.47758470026742306,-0.013990946013358888
0.2254269132992761,0.005691361195558979
-0.31527316902205726,-0.008109036469820035
0.05545564837231298,0.0019269226449200529
-0.27621383369305186,-0.006673204824980994
-0.11399666036375589,-0.0022070302511498136
-0.34260317559835674,-0.008711859612479965
0.31741813983910805,0.007596458741684023
-0.268284346691712,-0.006235691569751919
-0.13974796352159946,-0.002655549440286446
-0.27275167999245975,-0.006475739953380112
-0.3161407345094034,-0.007643324354233963
-0.34735403419513144,-0.009121939880436122
-0.22477936204355053,-0.004632642176112205
-0.41426555079974503,-0.01140628684761791
-0.10592904410409587,-0.001209340839275231
-0.06772538585840837,-0.00013848298619597123
-0.18075496352937315,-0.003676986898992846
-0.18329330530820542,-0.003929244681507267
-0.5952466597213605,-0.020052733460202244
-0.4077005274998339,-0.011090645762560289
-0.036721057272451674,0.0002386382550331331
-0.0034567243585078566,0.000910669739287196
-0.5538105057708044,-0.017471244162504722
-0.35820887022678694,-0.00848323605248139
-0.14813242189017772,-0.002853113099740642
-0.19352561172301885,-0.0035848559356823364
0.051465522385540696,0.0023211945746139467
-0.2739185846114407,-0.00674068484136002
0.1098054757768947,0.003782623530999349
-0.3593232772005198,-0.009505411566250361
-0.31150999634996945,-0.007147548952435648
-0.07767856561986852,-0.0007589538920668988
-0.0876605949978525,-0.0005667709404856696
0.2203692829416497,0.007787421104442622
-0.026865987736418018,0.0012959656770349718
0.23930701339764404,0.005866249951955264
-0.1221503349066797,-0.002134237334432876
-0.15309431934298068,-0.0016559774673354055
-0.3607340589425937,-0.009395826937528428
-0.0925132694622246,0.0008292753005367331
-0.37720434793948043,-0.00969597790275301
-0.05238966426269476,-0.00018518853002829654
-0.18338963915275042,-0.0034959276151939086
1.3042229652748087,0.022117959740678147
-0.06593250849452015,-0.0005146493537877123
-0.4106046288253582,-0.011241429343636778
-0.4185005262833067,-0.011707271342362527
-0.18507415106419467,-0.00404952640767706
0.03906489707280758,0.0022622338626241576
-0.03673971999839132,0.0017212891576621168
-0.3621363433852013,-0.009349859874374518
-0.4242574265444742,-0.011777132744170042
0.017014841377219314,0.0017522170359520021
0.35394776619469104,0.008232445772580612
0.07254715550257274,0.002566744725201456
-0.18403699626268222,-0.0017730588519603205
0.17468841554127335,0.004631450784267767
-0.18997351131383955,-0.001970701993911734
-0.11445738527393146,-0.0001436806955671087
0.004367268001227442,0.0009727644131966576
-0.3648672551590382,-0.008687691714930291
-0.31415305026627527,-0.007064870195180864
-0.26082608520310613,-0.006069012677401734
-0.08947169272808275,-0.0016341694747418543
-0.22360662378240503,-0.00433826297520715
-0.24748059095811303,-0.005764040510991211
-0.40677608295117984,-0.011397483570150805
-0.3079401642631595,-0.007609727226370348
-0.09496164616257474,-0.0013756811095970382
-0.1252670498183276,-0.0021228063267618937
-0.46421692565179506,-0.013419669999103588
-0.37218424371335324,-0.01006702823632314
-0.36076693432612006,-0.008573539040138273
-0.2654152887834993,-0.0060633658529953656
-0.31108770513129913,-0.00790392457035772
0.2642136762151568,0.00741900501470618
-0.3917669871713779,-0.010883093057200251
0.5470465546231236,0.011640984031320665
-0.37468402296201064,-0.009378078109367033
0.27629962944376807,0.006424607714438284
-0.42959952958326786,-0.011615807186284978
-0.09895824728960612,-0.0015690166169156057
0.007138922776210199,0.001268659168366895
-0.3557977407969376,-0.009100351725964797
-0.46103763247105356,-0.013341143704667092
-0.09329737161316143,-0.001131079063816095
-0.2261113950420347,-0.004648966854835125
0.1814822333561359,0.0049455689468128
-0.011615992548944964,0.000970793929603142
-0.004518748458030353,0.0026302593841753302
-0.1705328224261904,-0.0034197242827107522
-0.4031644747984874,-0.010517175279146961
-0.5210904233599702,-0.015949658859155953
-0.15627494889417137,-0.0027081917595544137
-0.3784909153619803,-0.010002286362672171
-0.08129627513809012,0.0009358883195502333
-0.17016178751126954,-0.00340888060429785
-0.014780073017315876,0.0006834606804800362
0.07639746301088524,0.0042123965983579545
0.16330676676793954,0.004307838484795104
-0.5924172520230621,-0.019601493222965474
-0.3463766976718311,-0.008175139246753766
0.07585758099429141,0.002944020881552452
-0.3924568497108136,-0.01033191829167296
-0.574449958070318,-0.018541323123779645
-0.1362096368628667,-0.0026244190117714807
-0.46313760343383115,-0.013617564694827491
0.00565833164242191,0.0015143668871743891
-0.15662940448930363,-0.0032636243144270167
-0.2150039042971983,-0.004397161880925295
0.6413087767497723,0.013405619194988937
-0.35741073438124493,-0.009605950642160193
-0.31177170185867786,-0.007625511414203669
-0.03542162556691908,-0.00020989564750295174
-0.5210593588986752,-0.015106443737739356
-0.6117092757251286,-0.020890098131417345
0.08667389397122438,0.0030218029820619804
-0.33418177127636983,-0.008478879189235695
-0.5187673807422488,-0.015874344341680835
0.13843860532204766,0.004962295917800467
-0.13322736668134993,-0.0025987134724897447
0.4508319494779989,0.010201299761964768
-0.5924820311304373,-0.019239396347090217
0.001989674255942875,0.0014526571394602003
-0.03863654874684597,0.00018242354126589826
-0.04489135024472546,6.52750452067269e-06
-0.23977141348911002,-0.005318742285611031
0.35902449208225895,0.00822316476911335
1.2532226772082038,0.021160308763497268
0.0469201145419349,0.0020962517980641538
0.20419961769970718,0.0052628137160396484
-0.13091240521781478,-0.001960665067936076
-0.43369438658181514,-0.011988624475461595
0.3660720826183661,0.00815535914282487
-0.43866376018339737,-0.012790936769190643
-0.13895118265870776,-0.001679288488839925
-0.10761897674981658,-0.0014227509623462628
-0.16279180011103156,-0.0008999809039596554
0.10721471256413206,0.0033121325096499197
0.5666445781676961,0.011331410707202517
0.39464320794992336,0.00855855305515637
-0.09490597829172376,-0.0013558108357133957
-0.4649155994131897,-0.012914905238668615
-0.4290811717766786,-0.012448954766884748
-0.31019816560662417,-0.007665402427697434
-0.1903708602642965,-0.0036771235329211096
-0.2925347506822785,-0.007593266809360736
-0.4527591140263585,-0.012643635616656549
-0.07712301811086086,-0.0005463773330458629
-0.19801290344061562,-0.004160126253374643
-0.37359066218393877,-0.010108309812743493
0.04520953618887913,0.002787546228070895
-0.34285358661995224,-0.00898423782487023
-0.43418854593944944,-0.012237113607521099
-0.34962511984358413,-0.008690397797177495
-0.5618949864944526,-0.017549098059141847
-0.33691287219356303,-0.00860474309569546
0.1355305386231247,0.0055560791211804305
-0.11879012792843979,-0.0016920666988842733
0.3109604864282869,0.007685713492462742
-0.08771312720995006,-0.0006098225337307139
-0.3078531504109112,-0.00787099786410835
-0.386059649230025,-0.00989401896352029
0.02435205823494835,0.0019878494858439136
0.33961629528783144,0.007799427276945283
-0.4089437768959924,-0.011026625665725542
0.045559747454316346,0.0020015247538592846
-0.17559767561259287,-0.0032721386085518968
-0.062260438970361376,0.00040341430869272817
-0.3175701249085229,-0.00798270252668408
-0.35122855781876283,-0.009219144301045548
-0.021593253584200278,0.00029395516445589073
0.014685249491055208,0.0011460624883806484
0.12819743928008087,0.003486058247608881
-0.2170740182736185,-0.004604597953936376
-0.29103230161555427,-0.006617646697297348
0.01266122430362282,0.0011091076147821996
-0.3798010065481343,-0.009891168881404854
0.23053530991760196,0.005939381110076223
-0.3118454516047824,-0.00752840812433773
0.3224339134829832,0.007285084255031054
-0.4465470924726941,-0.01296931521828967
0.7375273764843138,0.01561177160572232
0.2974143382797416,0.007082716636118549
-0.14906958921860947,-0.002938626582754913
-0.2299160092312047,-0.005460701167176271
0.3198962753685304,0.007554287400046912
-0.3697877709332563,-0.009324139038856689
0.14101268470856376,0.004193982309037075
-0.2763686830088098,-0.0062968251627246044
-0.03069086143864941,3.65693737015727e-05
-0.29151114873096795,-0.006839624920380285
-0.0528087683419195,-0.00016779247579875185
0.08230535158424557,0.002947514575406994
-0.31540476777951654,-0.008112384737072771
-0.14083405345701994,-0.0024260947572307782
-0.15349090215055083,-0.0028383300934363364
-0.43769606066281563,-0.012244704352175846
0.007871695886321861,0.000928766688332302
0.08296397416137347,0.003165115656050775
-0.019015190837511242,0.0018457897533351347
-0.3958887849636077,-0.010758592174440617
0.3022320786803354,0.007852608095707609
-0.2246347521145552,-0.004722577966638116
-0.18517786011542292,-0.004062014984556113
-0.043016116552800576,5.676307022079192e-06
-0.21975929004800054,-0.004761037411239065
-0.13700380346280494,-0.002642977445259295
0.09849092705183571,0.004005815474847274
-0.09490394555930137,0.00015560221721614182
-0.16795941301402828,-0.0031379429086417
-0.2230317931257143,-0.003896299660412505
-0.07070192506069284,-0.0007195577831252025
-0.39084001567306514,-0.010594313542718099
0.2875899271445408,0.007017786036289815
-0.31361744851526796,-0.0075713163964550405
0.37567530934440607,0.008789024758161916
-0.45005165623237053,-0.0125381876562062
-0.4825367720519217,-0.014695386521242932
-0.23411944098067883,-0.005219180535617553
-0.2977739990924937,-0.0073325317915180705
0.12819839701073832,0.005237771559981718
0.022669069319155577,0.001405847312425757
-0.16750217868993333,-0.002998975395032025
0.083680000333614,0.0030282313880379353
-0.19993049745575509,-0.00444109982693991
-0.12754229488652247,-0.0022111882276793183
0.36292850057059955,0.009265066394720084
-0.1405377790434683,-0.0027590573591677724
-0.22036194105422735,-0.005062229337395647
-0.2341543023290219,-0.005295379814827282
-0.04484250882120078,-0.0003105093952047395
-0.38180987386471266,-0.010322114953166105
-0.4189298571793366,-0.010971352802088065
-0.16705588853659525,-0.0037510905561104427
-0.046245184862168776,-0.0001876881079721722
-0.1724760867674895,-0.0031750321094289632
0.2194735776674983,0.006141860469826582
-0.5038074792891098,-0.014360470524931534
-0.18517635685976297,-0.003462480128490354
-0.12263852500992489,-0.0020866206339920862
-0.2004290552750836,-0.0038380023062878714
0.05995406393091618,0.002238299874052577
0.3895073788685828,0.008848654465685944
0.011850853515040116,0.001083423529188241
-0.23885570169060677,-0.005565236728497239
-0.4351970658822185,-0.012193787047997198
-0.2953329910657888,-0.005135574312105877
-0.18007865201625972,-0.003758557718673549
-0.3874704209532095,-0.010235390422950784
